{
  "formatVersion": 1,
  "database": {
    "version": 4,
    "identityHash": "203f4e32472ad34ec3fa1d9559db02ee",
    "entities": [
      {
        "tableName": "character_table",
        "createSql": "CREATE TABLE IF NOT EXISTS `${TABLE_NAME}` (`character_id` INTEGER NOT NULL, `name` TEXT NOT NULL, `status` TEXT NOT NULL, `species` TEXT NOT NULL, `type` TEXT NOT NULL, `gender` TEXT NOT NULL, `created` TEXT NOT NULL, `image` TEXT NOT NULL, `url` TEXT NOT NULL, `episodes` TEXT NOT NULL, `location` TEXT NOT NULL, `location_origin` TEXT NOT NULL, PRIMARY KEY(`character_id`))",
        "fields": [
          {
            "fieldPath": "id",
            "columnName": "character_id",
            "affinity": "INTEGER",
            "notNull": true
          },
          {
            "fieldPath": "name",
            "columnName": "name",
            "affinity": "TEXT",
            "notNull": true
          },
          {
            "fieldPath": "status",
            "columnName": "status",
            "affinity": "TEXT",
            "notNull": true
          },
          {
            "fieldPath": "species",
            "columnName": "species",
            "affinity": "TEXT",
            "notNull": true
          },
          {
            "fieldPath": "type",
            "columnName": "type",
            "affinity": "TEXT",
            "notNull": true
          },
          {
            "fieldPath": "gender",
            "columnName": "gender",
            "affinity": "TEXT",
            "notNull": true
          },
          {
            "fieldPath": "created",
            "columnName": "created",
            "affinity": "TEXT",
            "notNull": true
          },
          {
            "fieldPath": "image",
            "columnName": "image",
            "affinity": "TEXT",
            "notNull": true
          },
          {
            "fieldPath": "url",
            "columnName": "url",
            "affinity": "TEXT",
            "notNull": true
          },
          {
            "fieldPath": "episode",
            "columnName": "episodes",
            "affinity": "TEXT",
            "notNull": true
          },
          {
            "fieldPath": "location",
            "columnName": "location",
            "affinity": "TEXT",
            "notNull": true
          },
          {
            "fieldPath": "origin",
            "columnName": "location_origin",
            "affinity": "TEXT",
            "notNull": true
          }
        ],
        "primaryKey": {
          "autoGenerate": false,
          "columnNames": [
            "character_id"
          ]
        }
      },
      {
        "tableName": "location_table",
        "createSql": "CREATE TABLE IF NOT EXISTS `${TABLE_NAME}` (`location_id` INTEGER NOT NULL, `created` TEXT NOT NULL, `dimension` TEXT NOT NULL, `name` TEXT NOT NULL, `type` TEXT NOT NULL, `url` TEXT NOT NULL, `residents` TEXT NOT NULL, PRIMARY KEY(`location_id`))",
        "fields": [
          {
            "fieldPath": "id",
            "columnName": "location_id",
            "affinity": "INTEGER",
            "notNull": true
          },
          {
            "fieldPath": "created",
            "columnName": "created",
            "affinity": "TEXT",
            "notNull": true
          },
          {
            "fieldPath": "dimension",
            "columnName": "dimension",
            "affinity": "TEXT",
            "notNull": true
          },
          {
            "fieldPath": "name",
            "columnName": "name",
            "affinity": "TEXT",
            "notNull": true
          },
          {
            "fieldPath": "type",
            "columnName": "type",
            "affinity": "TEXT",
            "notNull": true
          },
          {
            "fieldPath": "url",
            "columnName": "url",
            "affinity": "TEXT",
            "notNull": true
          },
          {
            "fieldPath": "residents",
            "columnName": "residents",
            "affinity": "TEXT",
            "notNull": true
          }
        ],
        "primaryKey": {
          "autoGenerate": false,
          "columnNames": [
            "location_id"
          ]
        }
      },
      {
        "tableName": "episode_table",
        "createSql": "CREATE TABLE IF NOT EXISTS `${TABLE_NAME}` (`episode_id` INTEGER NOT NULL, `air_date` TEXT NOT NULL, `created` TEXT NOT NULL, `episode` TEXT NOT NULL, `name` TEXT NOT NULL, `url` TEXT NOT NULL, `characters` TEXT NOT NULL, PRIMARY KEY(`episode_id`))",
        "fields": [
          {
            "fieldPath": "id",
            "columnName": "episode_id",
            "affinity": "INTEGER",
            "notNull": true
          },
          {
            "fieldPath": "air_date",
            "columnName": "air_date",
            "affinity": "TEXT",
            "notNull": true
          },
          {
            "fieldPath": "created",
            "columnName": "created",
            "affinity": "TEXT",
            "notNull": true
          },
          {
            "fieldPath": "episode",
            "columnName": "episode",
            "affinity": "TEXT",
            "notNull": true
          },
          {
            "fieldPath": "name",
            "columnName": "name",
            "affinity": "TEXT",
            "notNull": true
          },
          {
            "fieldPath": "url",
            "columnName": "url",
            "affinity": "TEXT",
            "notNull": true
          },
          {
            "fieldPath": "characters",
            "columnName": "characters",
            "affinity": "TEXT",
            "notNull": true
          }
        ],
        "primaryKey": {
          "autoGenerate": false,
          "columnNames": [
            "episode_id"
          ]
        }
      }
    ],
    "setupQueries": [
      "CREATE TABLE IF NOT EXISTS room_master_table (id INTEGER PRIMARY KEY,identity_hash TEXT)",
      "INSERT OR REPLACE INTO room_master_table (id,identity_hash) VALUES(42, '203f4e32472ad34ec3fa1d9559db02ee')"
    ]
  }
}