{
  "formatVersion": 1,
  "database": {
    "version": 4,
    "identityHash": "a80b6e751fe2894f2851546dbb28b257",
    "entities": [
      {
        "tableName": "CharacterDescDB",
        "createSql": "CREATE TABLE IF NOT EXISTS `${TABLE_NAME}` ()",
        "fields": [],
        "primaryKey": {
          "autoGenerate": false,
          "columnNames": []
        }
      }
    ],
    "setupQueries": [
      "CREATE TABLE IF NOT EXISTS room_master_table (id INTEGER PRIMARY KEY,identity_hash TEXT)",
      "INSERT OR REPLACE INTO room_master_table (id,identity_hash) VALUES(42, 'a80b6e751fe2894f2851546dbb28b257')"
    ]
  }
}